,Place Name,Place ID,Latitude,Longitude,Rating,User Ratings Total,Types,Vicinity
0,N-68,ChIJf9rQEaigmkcRLQFACZtEPhc,47.375648,8.5441121,4.0,391,"['bar', 'restaurant', 'point_of_interest', 'food', 'establishment']","Niederdorfstrasse 68, Zürich"
1,Zeughauskeller,ChIJX7fB6wAKkEcRhpTedk8sztg,47.3704208,8.5399742,4.4,9199,"['restaurant', 'point_of_interest', 'food', 'establishment']","Bahnhofstrasse 28A, Zürich"
2,Köchlistube,ChIJn-2yVhkKkEcRgJxDqmr69Zg,47.3732397,8.5238171,4.8,435,"['restaurant', 'point_of_interest', 'food', 'establishment']","Köchlistrasse 6, Zürich"
3,Restaurant Walti,ChIJ5a3xWmkXkEcRxIPe0f0Lu5w,47.323076,8.1577218,4.8,21,"['restaurant', 'point_of_interest', 'food', 'establishment']","Hallwilerstrasse 17, Dürrenäsch"
4,China Restaurant Jiu Ding,ChIJcwuCZdoDkEcR9KTvhIxDncE,47.166646,8.289432,4.4,274,"['restaurant', 'meal_takeaway', 'point_of_interest', 'food', 'establishment']","Hauptstrasse 21, Hochdorf"
5,Soul St,ChIJLSbkuLcJkEcR27ejGDSA4MY,47.362995,8.4956485,4.6,69,"['restaurant', 'point_of_interest', 'food', 'establishment']","Döltschiweg 234, Zürich"
6,Basilico,ChIJvRD3LAGgmkcRtE5EhCmboaI,47.4389434,8.565739299999999,4.2,24,"['restaurant', 'point_of_interest', 'food', 'establishment']","Riethofstrasse 40, Opfikon"
7,Coop Restaurant Hinwil Center,ChIJGS4ten-5mkcRPH5Aevh7eaM,47.3064281,8.8182944,3.9,245,"['restaurant', 'point_of_interest', 'food', 'establishment']","Wässeristrasse 38, Hinwil"
8,Viadukt,ChIJ83nLYxUKkEcRZjj6fpa85JQ,47.3862236,8.5221,4.4,1084,"['restaurant', 'point_of_interest', 'food', 'establishment']","Viaduktstrasse 69/71, Zürich"
9,Swethlana Indian Restaurant,ChIJcUqiOpJ_kEcRvCAd65vFwhE,47.6821554,8.6205657,3.8,16,"['restaurant', 'point_of_interest', 'food', 'establishment']","Zentralstrasse 60, Neuhausen am Rheinfall"
10,Restaurant Blue,ChIJJfFvft95kEcRpNhSpHUlnmE,47.6038423,8.542044599999999,4.7,195,"['restaurant', 'point_of_interest', 'food', 'establishment']","Tannewäg 26, Rafz"
11,MyLatinFood GmbH,ChIJoRk1qYyhmkcRJVh1_-9aioM,47.4035322,8.4965245,4.4,17,"['meal_takeaway', 'restaurant', 'point_of_interest', 'food', 'establishment']","Wieslergasse 36, Zürich"
12,Restaurant Sopra,ChIJI58lMdELkEcRAMy_r915lYA,47.3742941,8.5374555,4.0,33,"['restaurant', 'point_of_interest', 'food', 'establishment']","Seidengasse 1, Zürich"
13,Mekong Asia Restaurant Take Away,ChIJEdfBoJI9kEcRBWn7tk0MGgE,47.3750337,8.142875199999999,4.4,124,"['restaurant', 'point_of_interest', 'food', 'establishment']","Seetalstrasse 134, Schafisheim"
14,Restaurant Oase,ChIJ4c7HFshpkEcRAJm3b_tQtsE,47.5776519,8.236392,4.5,70,"['restaurant', 'point_of_interest', 'food', 'establishment']","Gewerbestrasse 111, Böttstein"
15,Havelli,ChIJW6oC4yWzmkcRrNCxkOc48cE,47.1268091,8.7497656,4.6,141,"['restaurant', 'point_of_interest', 'food', 'establishment']","Hauptstrasse 85-87, Einsiedeln"
16,Old Swiss House,ChIJL0QkDZv7j0cRanuGVuNd_dY,47.0573397,8.311131099999999,4.4,700,"['restaurant', 'point_of_interest', 'food', 'establishment']","Löwenpl. 4, Luzern"
17,Insider Restaurant & Bar,ChIJKzqWBSELkEcR6bWQHbntnJk,47.3768854,8.5384172,4.9,55,"['cafe', 'bar', 'restaurant', 'point_of_interest', 'food', 'establishment']","Löwenstrasse 64, Zürich"
18,Restaurant Aarehuus,ChIJ-wD9tI0_kEcRrFIpz1kvBUU,47.4244292,8.165136799999999,4.4,31,"['restaurant', 'point_of_interest', 'food', 'establishment']","Im, Schachen, Holderbank"
19,Restaurant Pizzeria Caliente,ChIJnWKZkWaZmkcR-Bd0hIMjLpY,47.5051912,8.7098523,4.4,140,"['restaurant', 'point_of_interest', 'food', 'establishment']","Blumenaustrasse 24, Winterthur"
20,DAR Restaurant & Cocktail Bar,ChIJjXTGEogLkEcRdamPX4EqnUU,47.3835494,8.5283281,4.5,231,"['restaurant', 'point_of_interest', 'food', 'establishment']","Gasometerstrasse 5, Zürich"
21,Restaurant GORANAC Zürich,ChIJ3wz0H7QLkEcR_WvJvViLA1A,47.41521280000001,8.546802,4.3,21,"['restaurant', 'point_of_interest', 'food', 'establishment']","Friesstrasse 24, Zürich"
22,Zehntenhausplatz Shawarma,ChIJUeAjqy4LkEcR1DcG8HTBWT0,47.4194368,8.505968000000001,5.0,2,"['restaurant', 'point_of_interest', 'food', 'establishment']","Wehntalerstrasse 546, Zürich"
23,Pomme Thai Food,ChIJuYp_xRALkEcRJgCZZcIy318,47.42167269999999,8.5049879,0.0,0,"['meal_takeaway', 'restaurant', 'point_of_interest', 'food', 'establishment']","Bachmannweg 33, Zürich"
24,Migros Restaurant,ChIJqTpb9Xg7kEcRBfv8bictzKg,47.3616928,8.0456618,4.1,216,"['restaurant', 'cafe', 'point_of_interest', 'food', 'establishment']","Binzmattweg 8, Unterentfelden"
25,Mados,ChIJ2cFix42lmkcR4kbwQITOTZg,47.3490099,8.7159313,4.6,637,"['meal_takeaway', 'restaurant', 'point_of_interest', 'food', 'establishment']","Zürichstrasse 7, Uster"
26,Coop Restaurant Winterthur Stadtgarten,ChIJby3Ci3eZmkcR4urYW6dv2ag,47.5008049,8.7257614,3.7,80,"['restaurant', 'point_of_interest', 'food', 'establishment']","Bankstrasse 8, Winterthur"
27,Büsi,ChIJK4M8H-AKkEcRt_T0si3bPYk,47.4270023,8.5103265,4.6,244,"['restaurant', 'point_of_interest', 'food', 'establishment']","Bärenbohlstrasse 47, Zürich"
28,Coop Restaurant Zug Neustadt,ChIJX_iC-lCqmkcRIkOs75GKU7A,47.1708869,8.5164146,4.0,140,"['restaurant', 'point_of_interest', 'food', 'establishment']","Baarerstrasse 6, Zug"
29,Storchen,ChIJJ41DSAqhmkcR-wN6XRl2uEI,47.3711997,8.5418832,4.4,17,"['restaurant', 'point_of_interest', 'food', 'establishment']","Weinpl. 2, Zürich"
30,Pepito,ChIJBSHpClinmkcRZ0vU2H2FGog,47.36593070000001,8.5467687,3.7,25,"['meal_takeaway', 'restaurant', 'point_of_interest', 'food', 'establishment']","Theaterstrasse 9, Zürich"
31,Summergarte,ChIJxxCxpxoKkEcRqDfwfuwdzK8,47.377167,8.530537299999999,4.6,245,"['restaurant', 'point_of_interest', 'food', 'establishment']","Militärstrasse 49, Zürich"
32,Restaurant Pizzeria Rhy,ChIJx9xNPTFJkEcRRkpx2eRoHI8,47.5508832,7.9529529,4.5,32,"['restaurant', 'point_of_interest', 'food', 'establishment']","Rheinbrückstrasse 13, Stein"
33,Differente,ChIJ-RppE3MKkEcRplBfDTGWmIc,47.3881111,8.5390979,4.6,451,"['restaurant', 'point_of_interest', 'food', 'establishment']","Schaffhauserstrasse 1, Zürich"
34,Vegyoza,ChIJRzD58qMJkEcRJfyfkW8-nRs,47.3640648,8.5321669,5.0,7,"['restaurant', 'point_of_interest', 'food', 'establishment']","Tessinerpl. 7, Zürich"
35,City Restaurant & Bar,ChIJHY61Beq7mkcRIVdRXHvYIsA,47.3274898,8.8020616,4.2,16,"['restaurant', 'bar', 'point_of_interest', 'food', 'establishment']","Bahnhofstrasse 198, Wetzikon"
36,Die Schützenstube,ChIJr-0tsoulmkcRD6JhEVkxRqE,47.283086,8.640707299999999,4.6,54,"['restaurant', 'point_of_interest', 'food', 'establishment']","Schützenhausstrasse 31, Meilen"
37,Coop Restaurant Lenzburg,ChIJR2U3biM-kEcRSs8jD48l8YQ,47.3898417,8.1708699,3.9,138,"['restaurant', 'point_of_interest', 'food', 'establishment']","Augustin Keller-Strasse 31, Lenzburg"
38,Restaurant Enja,ChIJuUU5wugLkEcR5NhbqJ2qVwY,47.3737258,8.5374298,4.4,118,"['restaurant', 'park', 'bar', 'point_of_interest', 'food', 'establishment']","Sihlstrasse 9, Zürich"
39,Restaurant Sporrer,ChIJf524cvybmkcRbIm6RK0XFjY,47.5176741,8.6916959,4.6,611,"['restaurant', 'point_of_interest', 'food', 'establishment']","Im Sporrer 1, Winterthur"
40,Thali House,ChIJgbi8zBMKkEcRO2Spiu4tNzs,47.3831263,8.5300981,4.6,1265,"['meal_takeaway', 'restaurant', 'point_of_interest', 'food', 'establishment']","Langstrasse 213, Zürich"
41,Mövenpick Restaurant,ChIJe77aHf-hmkcRy6xQW7H-XpU,47.4394431,8.5687596,3.5,8,"['restaurant', 'point_of_interest', 'food', 'establishment']","Walter Mittelholzerstrasse 8, Opfikon"
42,Coop Restaurant Dielsdorf,ChIJLQXNfnpzkEcRyGYCVkyMcnE,47.4839653,8.4660578,4.0,255,"['restaurant', 'point_of_interest', 'food', 'establishment']","Niederhaslistrasse 5, Dielsdorf"
43,McDonald's Restaurant,ChIJiaZWxrcVkEcRfk-zVNLpplw,47.3894207,8.2050343,4.1,469,"['restaurant', 'point_of_interest', 'food', 'establishment']","Lenzburgerstrasse 4, Hendschiken"
44,Migros Restaurant,ChIJyfBs2EalmkcRFXlHLsYhB7M,47.3499773,8.7153356,4.2,70,"['restaurant', 'cafe', 'point_of_interest', 'food', 'establishment']","Zürichstrasse 20, Uster"
45,Chalet restaurant,ChIJ3RMj3Ibhj0cRJN72Xqg579k,47.1400228,8.1286694,0.0,0,"['restaurant', 'point_of_interest', 'food', 'establishment']","Kantonsstrasse 46, Nottwil"
46,Quellenhof,ChIJFwjTFh63mkcRs7Gn4Trez24,47.2280609,8.819228599999999,4.8,486,"['restaurant', 'point_of_interest', 'food', 'establishment']","Halsgasse, Engelpl. 34, Rapperswil-Jona"
47,New Re Canteen,ChIJg5Y7FIanmkcR4HIW-wIdwNU,47.3487669,8.5652327,5.0,3,"['restaurant', 'point_of_interest', 'food', 'establishment']","Zollikerstrasse 226, Zürich"
48,Saigon,ChIJ4ZzajgQKkEcRkiUUiNl6VyA,47.3730058,8.532774700000001,4.4,1077,"['meal_takeaway', 'restaurant', 'point_of_interest', 'food', 'establishment']","Sihlstrasse 97, Zürich"
49,Restaurant Zum Viertele,ChIJtx3ciTtJkEcR9a-aLooaJtI,47.5526351,7.9475498,4.3,456,"['restaurant', 'point_of_interest', 'food', 'establishment']","Spitalpl., Bad Säckingen"
50,Restaurant Aabächli,ChIJ_y2Uw6armkcRtb2sQH6QP_Y,47.1743126,8.510537099999999,3.5,10,"['restaurant', 'point_of_interest', 'food', 'establishment']","Aabachstrasse 5, Zug"
51,Zentral,ChIJg1meUK8LkEcR-McuGFEVf_g,47.3799986,8.543270699999999,4.8,76,"['restaurant', 'point_of_interest', 'food', 'establishment']","Stampfenbachstrasse 40, Zürich"
52,GourmIndia Restaurant Luzern,ChIJtYz_fHP7j0cR7SsbvsA6SVQ,47.0526393,8.2959947,4.4,772,"['restaurant', 'point_of_interest', 'food', 'establishment']","Baselstrasse 31, Luzern"
53,Restaurant Asia King,ChIJ5ZDLKWiZmkcR8mEKFdtmYCc,47.4902141,8.7093056,4.8,466,"['restaurant', 'point_of_interest', 'food', 'establishment']","Agnesstrasse 65, Winterthur"
54,YUKA - Restaurant & Bar,ChIJf7cLCGoLkEcRp-nqgMX1-_Y,47.3812052,8.5424122,4.0,21,"['bar', 'restaurant', 'point_of_interest', 'food', 'establishment']","Stampfenbachstrasse 60, Zürich"
55,Greenchilli Asian Restaurant,ChIJK2tRn3kLkEcRJZMllblzDd0,47.3981261,8.4591637,4.4,27,"['restaurant', 'point_of_interest', 'food', 'establishment']","Zürcherstrasse 91, Schlieren"
56,Restaurant Urban Spice,ChIJN4pJn2kLkEcRUOeic-Cw_6Y,47.4315599,8.5595777,4.3,307,"['restaurant', 'cafe', 'bar', 'point_of_interest', 'food', 'establishment']","Sägereistrasse 21, Opfikon"
57,Himalaya-Grill,ChIJAWeHCeugmkcRcla1cYg1_hg,47.387316,8.573873899999999,3.6,19,"['meal_takeaway', 'restaurant', 'point_of_interest', 'food', 'establishment']","Zürichbergstrasse 221, Zürich"
58,Restaurant und Take Away - LONG LONG,ChIJWeJ23BGSmkcRtnp-MhuRyKo,47.5650667,8.911742400000001,4.7,125,"['meal_takeaway', 'restaurant', 'point_of_interest', 'food', 'establishment']","Zürcherstrasse 310, Frauenfeld"
59,McDonald's Restaurant,ChIJnSroCJwHkEcR6mhEhZ63bYU,47.2714789,8.4383351,4.1,213,"['restaurant', 'point_of_interest', 'food', 'establishment']","Moosbachstrasse 1, Affoltern am Albis"
60,Le café enSoie by ViCAFE,ChIJG_NuOAcKkEcRhz55qAL7BVQ,47.372448,8.54047,4.8,133,"['cafe', 'food', 'point_of_interest', 'store', 'establishment']","Lindentreppe, Strehlgasse 26, Zürich"
61,Café Gourmet,ChIJq2UJnAgKkEcRP9EnIZi3tSw,47.3770248,8.539240699999999,4.3,198,"['cafe', 'restaurant', 'food', 'point_of_interest', 'establishment']","Bahnhofpl. 7, Zürich"
62,Franzos Coffee Shop,ChIJM2xnBqigmkcR-jW3xtJr7Eo,47.3760705,8.5438533,4.5,984,"['cafe', 'bar', 'restaurant', 'food', 'point_of_interest', 'establishment']","Limmatquai 138, Zürich"
63,Auer & Co.,ChIJ35iQfQ0KkEcRhZPm2nxaFM0,47.384833,8.533674999999999,4.6,466,"['cafe', 'food', 'point_of_interest', 'establishment']","Sihlquai 131, Zürich"
64,Schokolade & Espresso Bar,ChIJaR2URS2hmkcRtC_6nCOHU-o,47.37140669999999,8.5440012,5.0,7,"['cafe', 'food', 'point_of_interest', 'store', 'establishment']","Münstergasse 19, Zürich"
65,Café Miyuko,ChIJl_mVrwsKkEcRMPvQv77V3YA,47.3697524,8.5365243,4.7,525,"['cafe', 'grocery_or_supermarket', 'bakery', 'restaurant', 'food', 'point_of_interest', 'store', 'establishment']","Bärengasse 20, Zürich"
66,Café Oscar,ChIJG-LOYggKkEcRymZcaOTqu5c,47.3778099,8.5396238,4.1,765,"['cafe', 'meal_takeaway', 'bar', 'restaurant', 'food', 'point_of_interest', 'establishment']","Bahnhofpl. 15, Zürich"
67,Only Helymeghatarozas,ChIJw8J6LPQLkEcRKKKkJePNV98,47.3789575,8.515647099999999,0.0,0,"['cafe', 'food', 'point_of_interest', 'store', 'establishment']","Kanzleistrasse 228, Zürich"
68,Dolce City,ChIJUxlWlYYKkEcRJTcwidCahmU,47.4094401,8.5457659,3.9,177,"['cafe', 'food', 'point_of_interest', 'establishment']","Welchogasse 8, Zürich"
69,ViCAFE Münsterhof,ChIJlXVmZb-hmkcR6dHGJz4aB84,47.3701598,8.541561,4.7,346,"['cafe', 'food', 'point_of_interest', 'store', 'establishment']","Münsterhof 20, Zürich"
70,Rathaus-Café,ChIJDXts-qmgmkcRGe6xLjr8rGI,47.3720205,8.542694899999999,4.2,778,"['cafe', 'night_club', 'bar', 'food', 'point_of_interest', 'store', 'establishment']","Limmatquai 61, Zürich"
71,Bros Beans & Beats,ChIJhdKpcxwKkEcRTk32bwDKxkA,47.3727836,8.5252841,4.7,757,"['cafe', 'bar', 'restaurant', 'food', 'point_of_interest', 'store', 'establishment']","Gartenhofstrasse 24, Zürich"
72,Treff Point Kiosk Café,ChIJqQWYHhoKkEcRxoX7doi04Eg,47.3766373,8.525701,4.7,49,"['cafe', 'food', 'point_of_interest', 'establishment']","Stauffacherstrasse 98, Zürich"
73,ViCAFE Gerold,ChIJb0Plsj8KkEcRtdfqjjVNXtY,47.3856559,8.5197453,4.7,139,"['cafe', 'food', 'point_of_interest', 'store', 'establishment']","Geroldstrasse 17, Zürich"
74,Café Presse Club,ChIJ0_v1ogAKkEcRyqwPyXBjtEI,47.3703942,8.5410611,4.1,370,"['cafe', 'food', 'point_of_interest', 'store', 'establishment']","Münsterhof 15, Zürich"
75,Kafi Paradiesli,ChIJqcvfe7GgmkcRy90dvmld060,47.3708373,8.557212,4.8,240,"['cafe', 'restaurant', 'food', 'point_of_interest', 'store', 'establishment']","Hofstrasse 19, Zürich"
76,ViCAFE Bahnhofstrasse,ChIJdVRexlYLkEcRtTEUh2lAFYo,47.376817,8.539638499999999,4.4,195,"['cafe', 'food', 'point_of_interest', 'store', 'establishment']","Bahnhofstrasse 93, Zürich"
77,Café & Conditorei 1842,ChIJ_cDNKaqgmkcRdF1mxGt04iE,47.3714897,8.544328,4.4,1629,"['cafe', 'food', 'point_of_interest', 'establishment']","Napfgasse 4, Zürich"
78,Boréal Coffee Shop Talacker (ZU),ChIJm7Ma9wMKkEcRbzTZevSZR00,47.3720272,8.5348881,4.4,918,"['cafe', 'food', 'point_of_interest', 'establishment']","Talacker 41, Zürich"
79,Sandwich tip top,ChIJca-fkDYLkEcRDFjp_sGQ0Dg,47.3806628,8.5348346,0.0,0,"['cafe', 'food', 'point_of_interest', 'store', 'establishment']","Hafnerstrasse 10, Zürich"
80,ViCAFE Europaallee,ChIJoyfdPNkLkEcRfFMxeEpl4Xs,47.3786481,8.5340139,4.1,41,"['cafe', 'point_of_interest', 'store', 'food', 'establishment']","Europaallee 20, Zürich"
81,Bean Bank Coffee & CO,ChIJO5ZhiMkLkEcRCPziJeFfjtk,47.3778861,8.5330111,4.9,343,"['cafe', 'point_of_interest', 'store', 'food', 'establishment']","Lagerstrasse 18c, Zürich"
82,Café Tacuba,ChIJOwSsUKj7j0cRHwO7kfQldHw,47.03862119999999,8.3007457,4.8,408,"['cafe', 'point_of_interest', 'food', 'establishment']","Eichwaldstrasse 10, Luzern"
83,Thiwa Cafe,ChIJL1ETUoAJkEcR5Ko1c6wh5wk,47.36790389999999,8.4945042,4.6,104,"['cafe', 'point_of_interest', 'food', 'establishment']","Triemlistrasse 210, Zürich"
84,Cafe Bar Black1966,ChIJW2vJHKenmkcR9oBLCi7OqxU,47.3617296,8.5485471,4.5,56,"['restaurant', 'cafe', 'bar', 'point_of_interest', 'food', 'establishment']","Färberstrasse 6, Zürich"
85,ViCAFE Kweer,ChIJAZh6jk6hmkcRZrAGC9g9Y3A,47.3734757,8.5446897,4.8,29,"['cafe', 'point_of_interest', 'store', 'food', 'establishment']","Spitalgasse 14, Zürich"
86,Kafi Dihei,ChIJ6zE6eXUKkEcRWjHRTIkd9RM,47.375297,8.5132713,4.6,1031,"['cafe', 'restaurant', 'point_of_interest', 'food', 'establishment']","Zurlindenstrasse 231, Zürich"
87,The Monocle Shop & Café,ChIJY_0i7JCnmkcRPFx9JUNL13Y,47.3597097,8.5507935,4.5,422,"['cafe', 'point_of_interest', 'store', 'food', 'establishment']","Dufourstrasse 90, Zürich"
88,Cafe Journal,ChIJYR52_rFCkEcRB7-51DKdV9c,47.62251999999999,8.214269999999999,4.4,383,"['cafe', 'restaurant', 'point_of_interest', 'store', 'food', 'establishment']","Kaiserstraße 7, Waldshut-Tiengen"
89,Schmück,ChIJa4gUcSMKkEcR_UxqtTK4PJA,47.37654089999999,8.514033,4.7,35,"['cafe', 'point_of_interest', 'store', 'food', 'establishment']","Badenerstrasse 285, Zürich"
90,Café Henrici,ChIJP3mLwKmgmkcRgaalJ5aLQNc,47.3726865,8.5436397,4.3,1630,"['cafe', 'point_of_interest', 'food', 'establishment']","Niederdorfstrasse 1, Zürich"
91,COFFEE,ChIJ630PeBwKkEcRcUJSeYOiTx4,47.3726418,8.5262804,4.7,317,"['cafe', 'point_of_interest', 'food', 'establishment']","Grüngasse 4, Zürich"
92,COFFEE & DEEDS,ChIJNw4Vw_egmkcRdz77IeR4BME,47.40204240000001,8.585809099999999,4.9,254,"['cafe', 'point_of_interest', 'food', 'establishment']","Altwiesenstrasse 181, Zürich"
93,Café Medici,ChIJh7WkeT8KkEcRoT2IR120mRM,47.3876237,8.5190249,4.4,60,"['cafe', 'point_of_interest', 'food', 'establishment']","Hardstrasse 235, Zürich"
94,Café Rosgarten Konditorei & Restaurant,ChIJy6W06B33mkcRVIFfNy0_7nM,47.6595469,9.1747655,4.3,594,"['cafe', 'bakery', 'point_of_interest', 'store', 'food', 'establishment']","Rosgartenstraße 9, Konstanz"
95,Café Français,ChIJe2vg1Ab3mkcRizP7bS3P820,47.6703869,9.1825454,4.8,186,"['cafe', 'restaurant', 'point_of_interest', 'store', 'food', 'establishment']","Theodor-Heuss-Straße 34, Konstanz"
96,Goodways Coffee,ChIJv_9pYgBhmkcR4pNOnt4sSrY,47.7380481,8.9694256,4.5,541,"['cafe', 'restaurant', 'point_of_interest', 'store', 'food', 'establishment']","Höllstraße 1, Radolfzell am Bodensee"
97,Grande Café & Bar,ChIJ8-vbG6igmkcR-FD3Q5h4knE,47.3754383,8.543627599999999,4.5,919,"['cafe', 'bar', 'point_of_interest', 'food', 'establishment']","Limmatquai 118, Zürich"
98,Grand Café Lochergut,ChIJhxFpiyIKkEcRKM0i9MdeAvM,47.3757336,8.5174649,4.0,938,"['cafe', 'point_of_interest', 'food', 'establishment']","Badenerstrasse 230, Zürich"
99,ROBIN'S coffee,ChIJaY9OsFqhmkcRIBfwnTbdzkU,47.3757403,8.5444532,4.9,106,"['cafe', 'bar', 'point_of_interest', 'store', 'food', 'establishment']","Zähringerstrasse 33, Zürich"
100,Kahawa Café and Roastery,ChIJPY_fsJSrmkcR-8EIS69NGsc,47.1765845,8.5130733,4.9,20,"['cafe', 'point_of_interest', 'food', 'establishment']","Zählerweg 5, Zug"
101,Kafisatz Bar Café Press,ChIJXc8DY52ZmkcRsyzwe-pWGLI,47.498951,8.727278199999999,4.3,939,"['cafe', 'bar', 'point_of_interest', 'food', 'establishment']","Spitalgasse 1, Winterthur"
102,Café Arôme,ChIJ46rfceL2mkcRVWJ5vftHEcY,47.660324,9.172734199999999,4.7,63,"['cafe', 'point_of_interest', 'food', 'store', 'establishment']","Hussenstraße 10, Konstanz"
103,ViCAFE Campus ZHdK,ChIJ3-o_T-cLkEcRn62F66g-Uao,47.3907696,8.512213899999999,3.7,3,"['cafe', 'point_of_interest', 'food', 'store', 'establishment']","Pfingstweidstrasse 96, Zürich"
104,Smiley Cafe Bar,ChIJVZkO91ULkEcRgjmO1KMTF-8,47.4193312,8.506846699999999,3.4,7,"['cafe', 'point_of_interest', 'food', 'store', 'establishment']","Zehntenhausstrasse 2, Zürich"
105,Café Matzis,ChIJB3B3r0B9mkcRXa4QWFfRnYo,47.75933560000001,8.838128,4.7,212,"['cafe', 'restaurant', 'point_of_interest', 'food', 'store', 'establishment']","Hegaustraße 18, Singen (Hohentwiel)"
106,Café Noir,ChIJuxsJhhEKkEcRIzfBT58KDEE,47.3819624,8.530592,4.6,377,"['cafe', 'point_of_interest', 'food', 'store', 'establishment']","Neugasse 33, Zürich"
107,Walter Buchmann Café «zum Walter»,ChIJocF6t2ELkEcRK9tIjMZjkgE,47.3724627,8.5268836,4.1,137,"['cafe', 'meal_takeaway', 'bakery', 'restaurant', 'point_of_interest', 'food', 'store', 'establishment']","Birmensdorferstrasse 21, Zürich"
108,Le Café Zürich HB,ChIJG-LOYggKkEcR6QQEb2Vr35E,47.3778247,8.539891299999999,3.2,33,"['cafe', 'meal_takeaway', 'restaurant', 'point_of_interest', 'food', 'establishment']","Bahnhofpl. 15, Zürich"
109,miró manufactura de café,ChIJEWWspIMLkEcR7qJJyx2BRjY,47.3785963,8.5257332,4.6,466,"['cafe', 'point_of_interest', 'food', 'store', 'establishment']","Brauerstrasse 58, Zürich"
110,IOCHA Thai Café,ChIJfdKk3_qhmkcRVWLCD28-HLs,47.3723825,8.5442159,4.8,55,"['cafe', 'point_of_interest', 'food', 'establishment']","Rindermarkt 5, Zürich"
111,Café Schlauch,ChIJIc_qgKmgmkcRMlCu7gx9uw0,47.3712958,8.5443477,4.3,208,"['cafe', 'point_of_interest', 'food', 'establishment']","Obere Zäune 17, Zürich"
112,Blumen Café Fany,ChIJ03eBLg6FmkcRZrX6N_DkEY8,47.4985015,8.723629299999999,4.7,87,"['cafe', 'point_of_interest', 'food', 'establishment']","Archstrasse 2, Winterthur"
113,Café Elena,ChIJn0SVXgwLkEcR4masGYwZa3g,47.3780322,8.5430416,4.1,1492,"['cafe', 'restaurant', 'point_of_interest', 'food', 'establishment']","Neumühlequai 10, Zürich"
114,Grand Café,ChIJjSwnmfeqmkcREmuQH-cd2s0,47.1696458,8.5159035,4.3,385,"['cafe', 'bar', 'restaurant', 'point_of_interest', 'food', 'store', 'establishment']","Bahnhofstrasse 22, Zug"
115,Cafe Takeaway Leonhardstreppe,ChIJP1qXSa0LkEcRzN4gdEbBGfk,47.3788743,8.5438862,4.9,101,"['cafe', 'point_of_interest', 'food', 'establishment']","Weinbergstrasse 25, Zürich"
116,Cafe Zwischen,ChIJfY3SwsxnkEcRrN6yGL5MbVg,47.6351583,8.2757763,4.7,36,"['cafe', 'point_of_interest', 'food', 'store', 'establishment']","Hauptstraße 35, Waldshut-Tiengen"
117,Kafi Tür & Tor,ChIJuX3uqJ6hmkcRgTbLLrUyugc,47.3756817,8.559278299999999,5.0,1,"['cafe', 'point_of_interest', 'food', 'store', 'establishment']","Gloriastrasse 98, Zürich"
118,Kafi Hardi,ChIJBwXay0wLkEcRUU7jF77FWFs,47.38464339999999,8.5090025,5.0,73,"['cafe', 'point_of_interest', 'food', 'establishment']","Hohlstrasse 355, Zürich"
119,Le Mur Cafe & Kiosk - Meets Aotearoa.,ChIJfbY6wBkKkEcRG_52RQ8Tbf0,47.3766928,8.5236504,4.6,37,"['cafe', 'point_of_interest', 'food', 'store', 'establishment']","Engelstrasse 59, Zürich"
120,Food Brothers,ChIJLcBAPgn7j0cR0qIoQonZ9io,47.06600599999999,8.281978,4.4,112,"['meal_takeaway', 'restaurant', 'food', 'point_of_interest', 'establishment']","Hauptstrasse 50, Luzern"
121,Việt Street Food,ChIJhXWTOEYLkEcRz0Ja8C-WGAc,47.3758042,8.5361745,4.3,168,"['restaurant', 'food', 'point_of_interest', 'establishment']","Usteristrasse 21, Zürich"
122,Thai Food Corner,ChIJZ2ZEhhoKkEcRAhaNjpCoy5o,47.3770146,8.528426999999999,4.4,558,"['restaurant', 'food', 'point_of_interest', 'establishment']","Brauerstrasse 3, Zürich"
123,N-68,ChIJf9rQEaigmkcRLQFACZtEPhc,47.375648,8.5441121,4.0,391,"['bar', 'restaurant', 'food', 'point_of_interest', 'establishment']","Niederdorfstrasse 68, Zürich"
124,Grandma Armidas,ChIJgRy7v-sLkEcR1WGma-nvrJo,47.363485,8.5214008,4.9,11,"['restaurant', 'food', 'point_of_interest', 'establishment']","Eibenstrasse, Zürich"
125,MyLatinFood GmbH,ChIJoRk1qYyhmkcRJVh1_-9aioM,47.4035322,8.4965245,4.4,17,"['meal_takeaway', 'restaurant', 'food', 'point_of_interest', 'establishment']","Wieslergasse 36, Zürich"
126,India Street Food,ChIJxzu1zBMKkEcRXC1mCM1Ejh8,47.3831205,8.5301554,4.5,342,"['meal_takeaway', 'restaurant', 'food', 'point_of_interest', 'establishment']","Langstrasse 213, Zürich"
127,Food Corner,ChIJFZl_Jmb9j0cRypmnLW99NTY,47.07942730000001,8.337641699999999,4.4,162,"['meal_delivery', 'restaurant', 'food', 'point_of_interest', 'establishment']","Zentralstrasse 2, Ebikon"
128,Good Food,ChIJJbJspug7kEcRO0qao1pK1so,47.3925996,8.044603799999999,4.4,467,"['restaurant', 'food', 'point_of_interest', 'establishment']","Pelzgasse 12, Aarau"
129,little istanbul,ChIJn2n3Ypj7j0cROzdwoBrjqXE,47.0504566,8.3104914,3.6,349,"['restaurant', 'food', 'point_of_interest', 'establishment']","Rathausquai 10, Luzern"
130,City Food,ChIJDXHYFsoxkEcRzBrzchEb060,47.3525223,7.902724099999999,5.0,17,"['restaurant', 'food', 'point_of_interest', 'establishment']","Baslerstrasse 62, Olten"
131,The Food Station,ChIJu-0IBoebmkcRh-oCdzuRq5o,47.5454803,8.6948765,4.3,181,"['meal_takeaway', 'restaurant', 'food', 'point_of_interest', 'establishment']","Stationsstrasse 79, Hettlingen"
132,Burger King,ChIJbYxdnJj7j0cRBFWIDh8AtYY,47.0498992,8.3096152,3.8,2039,"['restaurant', 'food', 'point_of_interest', 'establishment']","Zentralstrasse 3, Luzern"
133,Ronny's Diner Food & Drinks,ChIJM89VtBFokEcRHG6oubAf_Qk,47.614638,8.2397127,4.6,40,"['restaurant', 'food', 'point_of_interest', 'establishment']","Alfred-Nobel-Straße 6, Waldshut-Tiengen"
134,Coop Take-Away,ChIJexOyGz0LkEcR29BqFCAYPV8,47.3730362,8.5381238,4.2,5,"['meal_takeaway', 'restaurant', 'food', 'point_of_interest', 'establishment']","Bahnhofstrasse, Zürich"
135,New Point,ChIJdX9uhD8KkEcRRltNvphk4G4,47.38755829999999,8.5197638,3.3,472,"['meal_takeaway', 'restaurant', 'food', 'point_of_interest', 'establishment']","Hardstrasse 240, Zürich"
136,Food of Punjab,ChIJJ5LF64QKkEcRnnJ2C0N5-FU,47.4141114,8.546804999999999,4.2,234,"['meal_takeaway', 'restaurant', 'food', 'point_of_interest', 'establishment']","Friesstrasse 10, Zürich"
137,Food Star,ChIJubraKFqrmkcRifx2hWg9hNE,47.1709143,8.5169967,4.8,88,"['restaurant', 'food', 'point_of_interest', 'establishment']","Poststrasse 24, Zug"
138,Take Away Asian Food,ChIJdZwN1JdHkEcRTqcJaK6lRvA,47.50202059999999,8.0315496,4.6,89,"['restaurant', 'food', 'point_of_interest', 'establishment']","Hauptstrasse 132, Frick"
139,Brisket Southern BBQ & Bar,ChIJiQ4Iez8KkEcROx2vKtymAVA,47.3877333,8.5187855,4.5,2575,"['bar', 'restaurant', 'food', 'point_of_interest', 'establishment']","Pfingstweidstrasse 6, Zürich"
140,Holy Cow! Gourmet Burger Co.,ChIJnYn9BgYKkEcRGVDARhjzEKs,47.3762973,8.537412,4.2,1778,"['restaurant', 'food', 'point_of_interest', 'establishment']","Löwenstrasse 51, Zürich"
141,Mojo Food & Take Away,ChIJ5Yjr7QA8kEcRAFWkHHQmRTo,47.3979836,8.066781599999999,4.7,27,"['meal_takeaway', 'restaurant', 'food', 'point_of_interest', 'establishment']","Neumattstrasse 2, Aarau"
142,Khao Thai Food,ChIJrxjffM6hmkcRmPhAXGy7S_M,47.4310148,8.5607841,4.5,11,"['restaurant', 'food', 'point_of_interest', 'establishment']","Europa-Strasse 6a, Opfikon"
143,La Chamaca Food-truck,ChIJow7CrhyhmkcR0nWpLLxuNjo,47.4146514,8.5559088,4.9,17,"['meal_takeaway', 'restaurant', 'food', 'point_of_interest', 'establishment']","Hagenholzstrasse 65, Zürich"
144,Tobi's & Friends,ChIJBRzscGALkEcRLGvbbGdEmew,47.3879875,8.5194659,4.3,23,"['meal_takeaway', 'restaurant', 'food', 'point_of_interest', 'establishment']","Hardstrasse 243, Zürich"
145,Food Tempel,ChIJ_c9VK1oLkEcRTwOUdxDrFSY,47.4387791,8.469663599999999,4.9,25,"['restaurant', 'food', 'point_of_interest', 'establishment']","Althardstrasse 70, Regensdorf"
146,Hong Kong Food Paradise,ChIJSYBxGYMKkEcRavlt5pEBanE,47.4132785,8.552299999999999,4.2,216,"['restaurant', 'food', 'point_of_interest', 'establishment']","Thurgauerstrasse 32, Zürich"
147,Pomme Thai Food,ChIJuYp_xRALkEcRJgCZZcIy318,47.42167269999999,8.5049879,0.0,0,"['meal_takeaway', 'restaurant', 'food', 'point_of_interest', 'establishment']","Bachmannweg 33, Zürich"
148,"Jalapenos Mex, Mexican Authentic Food",ChIJN6Jy9F2fmkcRo_VmUVywRLc,47.4527984,8.5826105,4.5,136,"['restaurant', 'food', 'point_of_interest', 'establishment']","Kalchengasse 12, Kloten"
149,The Coconut,ChIJK9c-y8sLkEcRNiEzd-ceXkk,47.38739899999999,8.493105,4.8,166,"['meal_takeaway', 'restaurant', 'food', 'point_of_interest', 'establishment']","Baslerstrasse 103, Zürich"
150,Earlybird Food Delivery,ChIJ6WhN30oKkEcRnATj33LA4J4,47.3917866,8.5004384,5.0,90,"['grocery_or_supermarket', 'restaurant', 'food', 'store', 'point_of_interest', 'establishment']","Aargauerstrasse 1, Zürich"
151,Rhystorante Food Truck GmbH,ChIJJct71eShmkcR2_oHeufXC50,47.4140802,8.5272849,4.5,15,"['meal_takeaway', 'restaurant', 'food', 'point_of_interest', 'establishment']","Binzmühlestrasse 286, Zürich"
152,The Indian food court,ChIJc948HhQbkEcRxN5yd3BOj_U,47.2942555,8.229339099999999,4.9,191,"['restaurant', 'food', 'point_of_interest', 'establishment']","Hauptstrasse 1, Meisterschwanden"
153,FloW-Bowl GmbH,ChIJRa_pRAM7kEcR4fGvlk1MRKw,47.3918985,8.0528306,4.7,112,"['restaurant', 'food', 'point_of_interest', 'establishment']","Bahnhofpl. 3H, Aarau"
154,PePe FOOD,ChIJ4QD8zS4RkEcRRIh8bCJKZ2c,47.3535812,8.2539015,4.7,92,"['restaurant', 'food', 'point_of_interest', 'establishment']","Anglikerstrasse 87, Villmergen"
155,City Food Weinfelden,ChIJEzF_qSrxmkcR6wLHnmKB6mc,47.5672307,9.1091561,3.6,104,"['restaurant', 'food', 'point_of_interest', 'establishment']","Marktstrasse 4, Weinfelden"
156,herby - The Food Truck,ChIJYavPT05HkEcRQ-sBnpZ4N48,47.5036059,8.0321152,4.9,33,"['meal_takeaway', 'restaurant', 'food', 'point_of_interest', 'establishment']","Stieracker 20, Frick"
157,Palma food,ChIJ4eJ0i2r9j0cRucCcQKWwi-s,47.0766305,8.3322284,4.3,125,"['meal_takeaway', 'restaurant', 'food', 'point_of_interest', 'establishment']","Luzernerstrasse 26b, Ebikon"
158,Takrai,ChIJfwazEJr7j0cRf8KnDWN7S8Y,47.054946,8.313787999999999,4.5,354,"['meal_takeaway', 'restaurant', 'food', 'point_of_interest', 'establishment']","Haldenstrasse 9, Luzern"
159,Halal Food,ChIJhU2bQCChmkcRWd6pn2HSXO0,47.3718616,8.5420451,4.2,49,"['restaurant', 'food', 'point_of_interest', 'establishment']","Rathausbrücke 1a, Zürich"
160,Burger King,ChIJf9HN3lZ1kEcRDJqSlYZUt8M,47.4509468,8.560881199999999,3.3,515,"['meal_takeaway', 'restaurant', 'food', 'point_of_interest', 'establishment']","Flughafen CH, Flughafenstrasse, Zürich"
161,Food Factory,ChIJQb71vB8RkEcRGvA5gSzIpdk,47.3487967,8.2701712,4.0,94,"['restaurant', 'food', 'point_of_interest', 'establishment']","Bahnhofstrasse 20, Wohlen"
162,K-one's real food,ChIJuaQ7SNS5mkcR3jFGved8Hb4,47.2757087,8.833417899999999,4.7,32,"['restaurant', 'food', 'point_of_interest', 'establishment']","Bubikonerstrasse 43a, Dürnten"
163,Vees,ChIJseV12fgJkEcRYxEzuRUNT6U,47.3650695,8.532926300000002,4.4,350,"['meal_takeaway', 'restaurant', 'food', 'point_of_interest', 'establishment']","Alfred-Escher-Strasse 11, Zürich"
164,El Luchador,ChIJ3UeNCA4KkEcRyZwpt4rY6Mk,47.38180759999999,8.5336678,4.2,652,"['restaurant', 'food', 'point_of_interest', 'establishment']","Konradstrasse 69, Zürich"
165,Thai-Food Embrach,ChIJY3n8nqWfmkcRnpDPPVC1EW8,47.498677,8.5954389,4.9,16,"['restaurant', 'food', 'point_of_interest', 'establishment']","Zürcherstrasse 64, Embrach"
166,B&S Grill,ChIJg4mJvM25mkcRTtMz8wepWRQ,47.30436479999999,8.8274318,4.9,79,"['restaurant', 'food', 'point_of_interest', 'establishment']","Hintere Wässeristrasse 4, Hinwil"
167,Burgermeister Oerlikon,ChIJayOKn8YLkEcRZZBvWPAPH6c,47.4110341,8.546054,4.1,295,"['meal_takeaway', 'restaurant', 'food', 'point_of_interest', 'establishment']","Nansenstrasse 3, Zürich"
168,La Vecchia Osteria - Street food by Franco,ChIJ68vnBnpxkEcRMETjPDZ0aN8,47.558699,8.4348099,5.0,57,"['restaurant', 'food', 'point_of_interest', 'establishment']","Kaiserstuhlerstrasse 10, Weiach"
169,WanWan - Real Thai Food,ChIJg2tMD9mhmkcRlB9zRjDIs9g,47.40666969999999,8.5676951,4.8,44,"['meal_takeaway', 'restaurant', 'food', 'point_of_interest', 'establishment']","Luegislandstrasse 66, Zürich"
170,Ly Food Hinwil,ChIJYQYINX-5mkcRd2-LO9a3-r8,47.3073065,8.8206086,4.7,25,"['restaurant', 'food', 'point_of_interest', 'establishment']","Wildbachstrasse 2A, Hinwil"
171,Traders Food & Bar,ChIJ9QCKS2c7kEcRaXbQVO6ZgOU,47.3917929,8.0503038,4.3,54,"['restaurant', 'food', 'point_of_interest', 'establishment']","Bahnhofpl. 2, Aarau"
172,Speedy Food,ChIJ0cpRVb9skEcRrpZgAn5O9g4,47.4777739,8.305963,4.1,165,"['restaurant', 'food', 'point_of_interest', 'establishment']","Haselstrasse 19, Baden"
173,Ha-Noi & fo ke kio Best Asian Food,ChIJH4YhDAQKkEcRXr7ihPWyhQo,47.3724194,8.534856099999999,4.3,49,"['meal_takeaway', 'restaurant', 'food', 'point_of_interest', 'establishment']","Talacker 50, Zürich"
174,Golden Thai Food,ChIJHbsAojkMkEcRO4yJcB_nABg,47.3921305,8.4169296,4.7,23,"['restaurant', 'food', 'point_of_interest', 'establishment']","Grossmattstrasse 9, Urdorf"
175,Himalaya-Grill,ChIJAWeHCeugmkcRcla1cYg1_hg,47.387316,8.573873899999999,3.6,19,"['meal_takeaway', 'restaurant', 'food', 'point_of_interest', 'establishment']","Zürichbergstrasse 221, Zürich"
176,T Mexican Food,ChIJOyVXtILpmkcR-6K5DIgq5Ns,47.4603893,9.0436845,3.2,51,"['meal_takeaway', 'restaurant', 'food', 'point_of_interest', 'establishment']","Glärnischstrasse 9, Wil"
177,The Grape Food,ChIJHzRDSgaTmkcRhlhTfFOUUH4,47.5601452,8.9015905,5.0,5,"['meal_takeaway', 'restaurant', 'food', 'point_of_interest', 'establishment']","Zürcherstrasse 239, Frauenfeld"
178,Golden Thai Food,ChIJq7MPNoComkcROwAlaG71Byo,47.2846726,8.5667206,4.5,184,"['restaurant', 'food', 'point_of_interest', 'establishment']","Zürcherstrasse 59, Thalwil"
179,Jaybees Food Truck,ChIJq-6-wL6FmkcR0k0c4UIsldI,47.63493769999999,8.7899386,5.0,11,"['meal_takeaway', 'restaurant', 'food', 'point_of_interest', 'establishment']","Wetti 23, Unterstammheim"
180,Bar 63,ChIJuXPmzBAKkEcRixNLjxGibKE,47.3792768,8.5261221,4.6,322,"['bar', 'point_of_interest', 'establishment']","Rolandstrasse 19, Zürich"
181,Bar am Wasser,ChIJTXV7SEKhmkcRcLisA93CPms,47.367551,8.5415794,4.7,612,"['bar', 'point_of_interest', 'establishment']","Stadthausquai 1, Zürich"
182,Baryton Cocktail Lounge,ChIJhcewEAYKkEcR4zGbSpPnNEA,47.3760469,8.5383249,4.5,360,"['cafe', 'night_club', 'bar', 'restaurant', 'food', 'point_of_interest', 'store', 'establishment']","Schweizergasse 8, Zürich"
183,Chicago Bar,ChIJS5y6KxIKkEcRNnd6Qqgs54E,47.3825811,8.529936500000002,3.8,115,"['bar', 'point_of_interest', 'establishment']","Neugasse 50, Zürich"
184,Cinchona Bar,ChIJuU0CHREKkEcRk2EHr1JVdjw,47.3803839,8.528436899999999,4.2,435,"['bar', 'point_of_interest', 'establishment']","Langstrasse 150, Zürich"
185,Bar Babalu,ChIJJa9KO6igmkcRe_XJ7mN2pS0,47.374682,8.5435359,4.3,169,"['bar', 'point_of_interest', 'establishment']","Schmidgasse 6, Zürich"
186,833 Bar Hermatswil,ChIJHQp2gMW9mkcRTnPKitvt1f4,47.39427569999999,8.8264023,4.9,30,"['bar', 'point_of_interest', 'establishment']","Hermatswilerstrasse 60, Hermatswil"
187,Tales Bar,ChIJX9iEhQQKkEcR6D7Wur5WXCA,47.3728118,8.5326822,4.8,684,"['bar', 'point_of_interest', 'establishment']","Selnaustrasse 29, Zürich"
188,Altstadt Bar,ChIJ74OrU6qgmkcRDPvmC1Unuog,47.3693519,8.5440466,4.5,61,"['bar', 'point_of_interest', 'establishment']","Kirchgasse 4, Zürich"
189,Kanonaegass Bar,ChIJP37DghoKkEcRMcnC_V_1FTQ,47.377274,8.5291573,4.3,192,"['bar', 'point_of_interest', 'establishment']","Kanonengasse 9, Zürich"
190,SOL BAR,ChIJnVuA-M6hmkcRfW9ujc6K6CU,47.3652941,8.5649565,4.8,78,"['bar', 'point_of_interest', 'establishment']","Asylstrasse 125, Zürich"
191,BarMünster,ChIJ1e-ejqmgmkcRPg6ceCmU0W4,47.37165479999999,8.5439162,4.7,578,"['bar', 'point_of_interest', 'establishment']","Münstergasse 30, Zürich"
192,Baradox,ChIJs-8rfQQKkEcRomE5Nzwv5W8,47.3728091,8.5333682,4.2,535,"['bar', 'cafe', 'restaurant', 'food', 'point_of_interest', 'establishment']","Sihlstrasse 73, Zürich"
193,Widder Bar,ChIJ_S-4JAcKkEcR9jvfy15-5FU,47.3721971,8.5398031,4.5,892,"['bar', 'point_of_interest', 'establishment']","Widdergasse 6, Zürich"
194,Spelunke! BAR,ChIJs1CuFv4JkEcRTyakf2PkVvg,47.365941,8.5200342,4.6,145,"['bar', 'night_club', 'point_of_interest', 'establishment']","Austrasse 19, Zürich"
195,Red Light Bar,ChIJ244idhoKkEcR5A6h4DGZKf0,47.3772546,8.5272408,3.9,92,"['bar', 'point_of_interest', 'establishment']","Brauerstrasse 27, Zürich"
196,Louis Bar,ChIJs3UIoZH7j0cRYGeUiRXuFvQ,47.05638889999999,8.3197037,4.7,113,"['bar', 'point_of_interest', 'establishment']","Adligenswilerstrasse 22, Luzern"
197,Schweizerhof Bar,ChIJV7zFnggKkEcRNYO_oF3qliE,47.376918,8.539197,4.4,63,"['bar', 'point_of_interest', 'establishment']","Bahnhofpl. 7, Zürich"
198,Safari Bar,ChIJS2AwE6igmkcRwiLQAwu7V0M,47.37548289999999,8.5444397,4.4,245,"['bar', 'point_of_interest', 'establishment']","Zähringerstrasse 29, Zürich"
199,Six-Bar,ChIJh71sMp-hmkcRoFEuZbHde9M,47.3731003,8.5431669,4.7,12,"['bar', 'restaurant', 'food', 'point_of_interest', 'establishment']","Rosengasse 6, Zürich"
200,Total Bar,ChIJQ2I19RAKkEcRzGeqU3NO_Lo,47.3786966,8.5287264,4.5,205,"['bar', 'point_of_interest', 'establishment']","Tellstrasse 19, Zürich"
201,Ebrietas Bar,ChIJPyFkDKigmkcRgD-9CaH68Oo,47.3759338,8.544478699999999,4.6,607,"['bar', 'point_of_interest', 'establishment']","Zähringerstrasse 39, Zürich"
202,BAR Switzerland,ChIJs65awQCgmkcRdv11JTjPGE8,47.43986899999999,8.564366099999999,0.0,0,"['bar', 'point_of_interest', 'establishment']","Flughofstrasse 57, Opfikon"
203,Drinx Bar db,ChIJfZKOp1OnmkcRxwFfaETTHuE,47.3637514,8.5475643,4.5,316,"['bar', 'food', 'point_of_interest', 'establishment']","Dufourstrasse 24, Zürich"
204,NORDEN Bar,ChIJcQj1i-QLkEcR_l3TGlIg2i8,47.3767333,8.5285154,4.8,147,"['bar', 'point_of_interest', 'establishment']","Ankerstrasse 123, Zürich"
205,Rio Bar,ChIJ7yy98gUKkEcR-srGu82gAdw,47.3762575,8.535636,4.3,1034,"['bar', 'cafe', 'food', 'store', 'point_of_interest', 'establishment']","Gessnerallee 17, Zürich"
206,The International Beer Bar,ChIJtzaX3RMKkEcRBsygPy6zWTM,47.38289040000001,8.528777,4.5,825,"['bar', 'restaurant', 'food', 'point_of_interest', 'establishment']","Luisenstrasse 7, Zürich"
207,Wüste Bar,ChIJiRbKdKugmkcRdDZSFG0aTC0,47.3685677,8.5456117,4.2,491,"['bar', 'point_of_interest', 'establishment']","Oberdorfstrasse 7, Zürich"
208,Bar 59,ChIJ2c-fLKX7j0cRKsQ-NxZoTeg,47.0419444,8.3111111,4.4,502,"['bar', 'point_of_interest', 'establishment']","Industriestrasse 5, Luzern"
209,Cana,ChIJq7i4O6igmkcRV4D8gZyYCVs,47.37466449999999,8.5438837,4.4,56,"['bar', 'point_of_interest', 'establishment']","Niederdorfstrasse, Zürich"
210,Caipi Bar,ChIJx9WA4KELkEcRP1GUn6tbGR0,47.3792627,8.5256948,4.7,33,"['bar', 'point_of_interest', 'establishment']","Dienerstrasse 68, Zürich"
211,Barfly’z,ChIJg755c_8JkEcRVFGQH6PHN2k,47.3659385,8.536818499999999,4.5,678,"['bar', 'restaurant', 'food', 'point_of_interest', 'establishment']","Gotthardstrasse 21, Zürich"
212,Why Not Bar,ChIJL7qFZu2xmkcRKcYK3mfZMlU,47.2067281,8.708672199999999,4.4,50,"['bar', 'point_of_interest', 'establishment']","Seestrasse 15A, Richterswil"
213,Lucid Bar,ChIJ6ZRfmdkLkEcRSUJ9puQHC7U,47.38825749999999,8.5143849,4.7,3,"['bar', 'point_of_interest', 'establishment']","Turbinenstrasse 20, Zürich"
214,Onyx,ChIJqadzZf8JkEcR4MbIqqLeonM,47.3666151,8.5362466,4.5,249,"['bar', 'point_of_interest', 'establishment']","Beethovenstrasse 21, Zürich"
215,Luxury Bar & Lounge,ChIJP7O41BYKkEcRvPE0s_CceOc,47.3801618,8.5262906,4.2,15,"['bar', 'point_of_interest', 'establishment']","Schöneggstrasse 23, Zürich"
216,Late Bloomers,ChIJcfz7CkwLkEcRdGzbU3-pMwQ,47.377809,8.5285551,5.0,103,"['cafe', 'bar', 'meal_takeaway', 'restaurant', 'food', 'point_of_interest', 'establishment']","Dienerstrasse 20, Zürich"
217,Bar 3000,ChIJeb7fmRAKkEcROMYAZaarg9g,47.3781393,8.527501899999999,4.5,106,"['bar', 'point_of_interest', 'establishment']","Dienerstrasse 33, Zürich"
218,Bar at Yonex,ChIJ6ZTeMj4KkEcRy-y_ep7UaC8,47.3851446,8.520747199999999,4.5,4,"['bar', 'point_of_interest', 'establishment']","Escher Wyss, Geroldstrasse 5, Zürich"
219,Treff Bar,ChIJy2lhkBAKkEcRXjT3VJ0OhPY,47.3782039,8.5277742,5.0,1,"['bar', 'point_of_interest', 'establishment']","Dienerstrasse 28, Zürich"
220,Züri Bar,ChIJzQ61NKigmkcRX1Bj26EX5F8,47.3738518,8.543809999999999,4.5,241,"['bar', 'point_of_interest', 'establishment']","Niederdorfstrasse 24, Zürich"
221,Gamper Bar,ChIJWT8VnLcLkEcRaUfcpOwO0S4,47.3792815,8.5252989,4.7,122,"['bar', 'point_of_interest', 'establishment']","Dienerstrasse 75, Zürich"
222,Maria Bar,ChIJtfKeFh4LkEcR69VCfjL3EvA,47.3804621,8.5253423,4.2,44,"['bar', 'point_of_interest', 'establishment']","Schönegg-Platz 1, Zürich"
223,Barfussbar,ChIJPYMXjqqgmkcRYjjVfy7XmjM,47.3684721,8.5420134,4.7,325,"['bar', 'point_of_interest', 'establishment']","Stadthausquai 12, Zürich"
224,Gotthard Bar,ChIJCwX2GhoKkEcR_T1woL7DvlY,47.3768778,8.5257834,4.6,259,"['bar', 'point_of_interest', 'establishment']","Langstrasse 63, Zürich"
225,Milano Bar,ChIJi04fwaH7j0cRxcDknRhufpo,47.0488991,8.3053029,3.7,95,"['bar', 'point_of_interest', 'establishment']","Winkelriedstrasse 13, Luzern"
226,Lenox Bar,ChIJrQKf6wsKkEcR_P4o2deqjxc,47.3824867,8.5404079,4.3,77,"['bar', 'night_club', 'point_of_interest', 'establishment']","Neumühlequai 42, Zürich"
227,IQ Bar,ChIJNWlVMkAKkEcRer8oL560m3c,47.3900289,8.5222436,4.5,258,"['bar', 'point_of_interest', 'establishment']","Hardstrasse 316, Zürich"
228,Aya Bar,ChIJ6zAEP0AKkEcR_P9jImLkAfc,47.3884392,8.520784400000002,4.3,590,"['bar', 'point_of_interest', 'establishment']","Hardstrasse 260, Zürich"
229,James Joyce,ChIJJzJlsQYKkEcRIVgHjafHIJc,47.372227,8.537009,4.3,610,"['bar', 'restaurant', 'point_of_interest', 'food', 'establishment']","Pelikanstrasse 8, Zürich"
230,Jay - Apero Bar,ChIJ1fe_Sa6jmkcRZIEcyyJ7P3k,47.3885714,8.6822973,4.6,118,"['bar', 'point_of_interest', 'establishment']","Feldhofstrasse 4, Volketswil"
231,Sunset Bar Lucerne,ChIJVfV5I977j0cRLbe0qzpW-0g,47.0470116,8.342935299999999,4.2,836,"['bar', 'point_of_interest', 'establishment']","Seeburgstrasse 61, Luzern"
232,Esco-BAR,ChIJaWXFWOI7kEcRBhF5dhuoKic,47.3694775,8.001196,4.9,39,"['bar', 'point_of_interest', 'establishment']","Oltnerstrasse 49, Schönenwerd"
233,THE MIXT bar bistro lounge,ChIJgbUi5hoKkEcRi4Q0zLgHpQs,47.37559150000001,8.5291601,4.6,34,"['bar', 'point_of_interest', 'establishment']","Müllerstrasse 55, Zürich"
234,Dr. Zhivago Bar,ChIJd7G-jYgLkEcRVrm_rmr_7vE,47.3692883,8.5364451,4.9,30,"['bar', 'point_of_interest', 'establishment']","Bärengasse 29, Zürich"
235,Sport Bar,ChIJe6EChBkKkEcRJOM44cP2Zbw,47.3756231,8.524506299999999,4.4,178,"['bar', 'cafe', 'point_of_interest', 'store', 'food', 'establishment']","Kanzleistrasse 76, Zürich"
236,Old Fashion Bar,ChIJzXGEeQAKkEcRu9Y2sOsjrh0,47.3686837,8.5407801,4.0,690,"['bar', 'restaurant', 'point_of_interest', 'food', 'establishment']","Fraumünsterstrasse 15, Zürich"
237,Sanny Bar & Lounge,ChIJxZIrqa0LkEcROeSg3oqO5Bo,47.3792372,8.5275648,4.2,33,"['bar', 'point_of_interest', 'establishment']","Langstrasse 120, Zürich"
238,Stiletto Bar,ChIJB-gZ5LYLkEcRCwFAEXzTsd4,47.3744603,8.536952399999999,5.0,4,"['bar', 'point_of_interest', 'establishment']","Seidengasse, Zürich"
239,Gräbli Bar,ChIJJfPrEaigmkcRuEG15dsouRM,47.3755975,8.5441222,4.1,326,"['bar', 'point_of_interest', 'establishment']","Niederdorfstrasse 66, Zürich"
240,central,ChIJAQDcgrqsmkcRl61DI5y4aH0,47.13743119999999,8.582666099999999,0.0,0,"['bar', 'point_of_interest', 'establishment']","Zugerstrasse 13, Unterägeri"
241,Tiny Bar,ChIJYShJhoeTmkcRIzk6t4UyIBU,47.5557455,8.9000443,5.0,1,"['bar', 'point_of_interest', 'establishment']",Frauenfeld
